{
    "Game Objects": [
        {
            "name": "Cube",
            "Active": true,
            "Position": [
                50.546199798583984,
                3.2579998970031738,
                -6.3833084595898981e-07
            ],
            "Rotation": [
                -0.7071068286895752,
                0,
                0,
                0.70710670948028564
            ],
            "Scale": [
                1,
                50,
                5.5
            ],
            "UID": 1800636349,
            "ParentUID": 1676501951,
            "Components": [
                {
                    "Type": 1,
                    "Active": true
                },
                {
                    "Type": 2,
                    "Active": true,
                    "Path": "Library\/Meshes\/1313575480.mmh",
                    "UID": 1313575480,
                    "alternColor": [
                        1,
                        1,
                        1
                    ]
                }
            ]
        }
    ]
}