{
    "Game Objects": [
        {
            "name": "Pilot Avatar",
            "Active": true,
            "Position": [
                0.59531307220458984,
                0.43442243337631226,
                -0.16696521639823914
            ],
            "Rotation": [
                0,
                0,
                0,
                1
            ],
            "Scale": [
                0.3600003719329834,
                0.3600003719329834,
                0.3600003719329834
            ],
            "UID": 1708463907,
            "ParentUID": 1995988269,
            "Components": [
                {
                    "Type": 1,
                    "Active": true
                },
                {
                    "Type": 2,
                    "Active": true,
                    "Path": "Library\/Meshes\/508469376.mmh",
                    "UID": 508469376,
                    "alternColor": [
                        1,
                        1,
                        1
                    ]
                },
                {
                    "Type": 3,
                    "Active": true,
                    "IsEmpty": true,
                    "MaterialAssetPath": "Assets\/Materials\/animated_material.mat",
                    "MaterialLibraryPath": "Library\/Materials\/1948688504.mat",
                    "MaterialUID": 1948688504
                }
            ]
        }
    ]
}