{
    "Game Objects": [
        {
            "name": "Empty",
            "Active": true,
            "Position": [
                171.07931518554688,
                26.974433898925781,
                152.94245910644531
            ],
            "Rotation": [
                0.058285586535930634,
                0.81868332624435425,
                -0.46781036257743835,
                0.32789328694343567
            ],
            "Scale": [
                1.0000089406967163,
                0.99999982118606567,
                1.0000035762786865
            ],
            "UID": 693328772,
            "ParentUID": 143570472,
            "Components": [
                {
                    "Type": 1,
                    "Active": true
                },
                {
                    "Type": 6,
                    "Active": true
                }
            ]
        }
    ]
}