{
    "Game Objects": [
        {
            "name": "Game Camera",
            "Active": true,
            "Position": [
                0,
                42.965000152587891,
                -107.01200103759766
            ],
            "Rotation": [
                0.45399057865142822,
                0,
                0,
                0.8910064697265625
            ],
            "Scale": [
                1,
                1,
                1
            ],
            "UID": 188616957,
            "ParentUID": 1661764735,
            "Components": [
                {
                    "Type": 1,
                    "Active": true
                },
                {
                    "Type": 4,
                    "Active": true,
                    "fType": 1,
                    "fSize": 10,
                    "nearPlaneDist": 1,
                    "farPlaneDist": 5000,
                    "vFOV": 61.400001525878906,
                    "hFOV": 75.800003051757813,
                    "culling": false
                },
                {
                    "Type": 5,
                    "Active": true,
                    "ScriptName": "CameraController",
                    "reference": 188616957,
                    "target": 1661764735,
                    "x": 0,
                    "y": 42.965000152587891,
                    "z": 0,
                    "smoothSpeed": 0.125
                }
            ]
        }
    ]
}