{
    "Game Objects": [
        {
            "name": "Portal",
            "Active": true,
            "Position": [
                0,
                5.0850725173950195,
                46.124942779541016
            ],
            "Rotation": [
                -0.7071068286895752,
                0,
                0,
                0.70710670948028564
            ],
            "Scale": [
                3.2985827922821045,
                0.49789801239967346,
                5.0248641967773438
            ],
            "UID": 815704434,
            "ParentUID": 1676501951,
            "Components": [
                {
                    "Type": 1,
                    "Active": true
                },
                {
                    "Type": 2,
                    "Active": true,
                    "Path": "Library\/Meshes\/1313575480.mmh",
                    "UID": 1313575480,
                    "alternColor": [
                        0.9921875,
                        1,
                        0
                    ]
                }
            ]
        }
    ]
}