{
    "Game Objects": [
        {
            "name": "Cube",
            "Active": true,
            "Position": [
                -1.560367226600647,
                1.3270139694213867,
                -0.32808405160903931
            ],
            "Rotation": [
                -0.7071068286895752,
                0,
                0,
                0.70710670948028564
            ],
            "Scale": [
                1,
                0.99974519014358521,
                0.99974519014358521
            ],
            "UID": 1875191472,
            "ParentUID": 143570472,
            "Components": [
                {
                    "Type": 1,
                    "Active": true
                },
                {
                    "Type": 2,
                    "Active": true,
                    "Path": "Library\/Meshes\/1313575480.mmh",
                    "UID": 1313575480,
                    "alternColor": [
                        1,
                        1,
                        1
                    ]
                },
                {
                    "Type": 3,
                    "Active": true,
                    "IsEmpty": true,
                    "MaterialAssetPath": "Empty",
                    "MaterialLibraryPath": "Library\/Materials\/1452971041.mat",
                    "MaterialUID": 1452971041
                }
            ]
        }
    ]
}