{
    "Game Objects": [
        {
            "name": "Object02",
            "Active": true,
            "Position": [
                0,
                0,
                0
            ],
            "Rotation": [
                -0.7071068286895752,
                0,
                0,
                0.70710670948028564
            ],
            "Scale": [
                2.5399999618530273,
                2.5399999618530273,
                2.5399999618530273
            ],
            "UID": 402367908,
            "ParentUID": 1108032202,
            "Components": [
                {
                    "Type": 1,
                    "Active": true
                },
                {
                    "Type": 2,
                    "Active": true,
                    "Path": "Library\/Meshes\/1490558274.mmh",
                    "UID": 1490558274,
                    "alternColor": [
                        1,
                        1,
                        1
                    ]
                },
                {
                    "Type": 3,
                    "Active": true,
                    "IsEmpty": false,
                    "AssetPath": "Empty",
                    "LibraryPath": "Library\/Textures\/494557343.dds",
                    "UID": 494557343,
                    "MaterialAssetPath": "Assets\/Materials\/animated_material.mat",
                    "MaterialLibraryPath": "Library\/Materials\/1948688504.mat",
                    "MaterialUID": 1948688504
                }
            ]
        }
    ]
}