{
    "Game Objects": [
        {
            "name": "awdwdawda",
            "Active": true,
            "Position": [
                1.4847038984298706,
                2.6636946201324463,
                -1.0098497867584229
            ],
            "Rotation": [
                0,
                0,
                0,
                1
            ],
            "Scale": [
                1,
                1,
                1
            ],
            "UID": 920775840,
            "ParentUID": 143570472,
            "Components": [
                {
                    "Type": 1,
                    "Active": true
                },
                {
                    "Type": 2,
                    "Active": true,
                    "Path": "Library\/Meshes\/277778019.mmh",
                    "UID": 277778019,
                    "alternColor": [
                        1,
                        1,
                        1
                    ]
                },
                {
                    "Type": 14,
                    "Active": true,
                    "kinematic": true
                },
                {
                    "Type": 15,
                    "Active": true
                }
            ]
        }
    ]
}